"term","coefficient","penalty","year","target","best_penalty","best_mixture","cv_rmse","cv_rsq","abs_coef","question","answer_level"
"partei_label_AfD",0.500671494820885,0.0494171336132383,2017,"anti_elite_score",0.0494171336132383,1,0.420506401986177,0.630561163293843,0.500671494820885,NA,"partei_label_AfD"
"partei_label_LINKE",0.383919302301548,0.0494171336132383,2017,"anti_elite_score",0.0494171336132383,1,0.420506401986177,0.630561163293843,0.383919302301548,NA,"partei_label_LINKE"
"Q6_Ja.",0.302946968918487,0.0494171336132383,2017,"anti_elite_score",0.0494171336132383,1,0.420506401986177,0.630561163293843,0.302946968918487,"Q6","Ja."
"Q6_Nein.",-0.270865004610469,0.0494171336132383,2017,"anti_elite_score",0.0494171336132383,1,0.420506401986177,0.630561163293843,0.270865004610469,"Q6","Nein."
"Q50_Ja.",0.213917974584454,0.0494171336132383,2017,"anti_elite_score",0.0494171336132383,1,0.420506401986177,0.630561163293843,0.213917974584454,"Q50","Ja."
"(Intercept)",-0.178263304534561,0.0494171336132383,2017,"anti_elite_score",0.0494171336132383,1,0.420506401986177,0.630561163293843,0.178263304534561,NA,"(Intercept)"
"Q5_Nein.",-0.129901209120619,0.0494171336132383,2017,"anti_elite_score",0.0494171336132383,1,0.420506401986177,0.630561163293843,0.129901209120619,"Q5","Nein."
"Q41_Unentschieden",0.121201900758297,0.0494171336132383,2017,"anti_elite_score",0.0494171336132383,1,0.420506401986177,0.630561163293843,0.121201900758297,"Q41","Unentschieden"
"partei_label_CDU.CSU",-0.119050297133971,0.0494171336132383,2017,"anti_elite_score",0.0494171336132383,1,0.420506401986177,0.630561163293843,0.119050297133971,NA,"partei_label_CDU.CSU"
"Q61_Unentschieden",0.100223802127912,0.0494171336132383,2017,"anti_elite_score",0.0494171336132383,1,0.420506401986177,0.630561163293843,0.100223802127912,"Q61","Unentschieden"
"Q30_Nein.",-0.082082299875646,0.0494171336132383,2017,"anti_elite_score",0.0494171336132383,1,0.420506401986177,0.630561163293843,0.082082299875646,"Q30","Nein."
"Q45_Eher.nicht",0.0806883403061694,0.0494171336132383,2017,"anti_elite_score",0.0494171336132383,1,0.420506401986177,0.630561163293843,0.0806883403061694,"Q45","Eher.nicht"
"Q26_Unentschieden",0.080087022890234,0.0494171336132383,2017,"anti_elite_score",0.0494171336132383,1,0.420506401986177,0.630561163293843,0.080087022890234,"Q26","Unentschieden"
"Q34_Ja.",-0.0542662310627361,0.0494171336132383,2017,"anti_elite_score",0.0494171336132383,1,0.420506401986177,0.630561163293843,0.0542662310627361,"Q34","Ja."
"Q63_Nein.",-0.0517860594772461,0.0494171336132383,2017,"anti_elite_score",0.0494171336132383,1,0.420506401986177,0.630561163293843,0.0517860594772461,"Q63","Nein."
"Q59_Eher.nicht",-0.0263818083627489,0.0494171336132383,2017,"anti_elite_score",0.0494171336132383,1,0.420506401986177,0.630561163293843,0.0263818083627489,"Q59","Eher.nicht"
"Q6_Eher.nicht",-0.0250316826056061,0.0494171336132383,2017,"anti_elite_score",0.0494171336132383,1,0.420506401986177,0.630561163293843,0.0250316826056061,"Q6","Eher.nicht"
"Q41_Nein.",-0.0237575485885593,0.0494171336132383,2017,"anti_elite_score",0.0494171336132383,1,0.420506401986177,0.630561163293843,0.0237575485885593,"Q41","Nein."
"Q52_Ja.",0.0196127489527735,0.0494171336132383,2017,"anti_elite_score",0.0494171336132383,1,0.420506401986177,0.630561163293843,0.0196127489527735,"Q52","Ja."
"Q74_Nein.",0.0109392790278342,0.0494171336132383,2017,"anti_elite_score",0.0494171336132383,1,0.420506401986177,0.630561163293843,0.0109392790278342,"Q74","Nein."
"Q11_Eher.ja",-0.00807277472901466,0.0494171336132383,2017,"anti_elite_score",0.0494171336132383,1,0.420506401986177,0.630561163293843,0.00807277472901466,"Q11","Eher.ja"
"Q66_Ja.",0.00762502823147909,0.0494171336132383,2017,"anti_elite_score",0.0494171336132383,1,0.420506401986177,0.630561163293843,0.00762502823147909,"Q66","Ja."
"Q32_Ja.",0.00607349790434682,0.0494171336132383,2017,"anti_elite_score",0.0494171336132383,1,0.420506401986177,0.630561163293843,0.00607349790434682,"Q32","Ja."
"Q46_Nein.",0.00456257829556635,0.0494171336132383,2017,"anti_elite_score",0.0494171336132383,1,0.420506401986177,0.630561163293843,0.00456257829556635,"Q46","Nein."
"Q44_Ja.",0.00335202314350172,0.0494171336132383,2017,"anti_elite_score",0.0494171336132383,1,0.420506401986177,0.630561163293843,0.00335202314350172,"Q44","Ja."
"Q38_Ja.",0.000280054060133318,0.0494171336132383,2017,"anti_elite_score",0.0494171336132383,1,0.420506401986177,0.630561163293843,0.000280054060133318,"Q38","Ja."
"partei_label_FDP",0,0.0494171336132383,2017,"anti_elite_score",0.0494171336132383,1,0.420506401986177,0.630561163293843,0,NA,"partei_label_FDP"
"partei_label_GRUENE",0,0.0494171336132383,2017,"anti_elite_score",0.0494171336132383,1,0.420506401986177,0.630561163293843,0,NA,"partei_label_GRUENE"
"partei_label_SPD",0,0.0494171336132383,2017,"anti_elite_score",0.0494171336132383,1,0.420506401986177,0.630561163293843,0,NA,"partei_label_SPD"
"partei_label_other",0,0.0494171336132383,2017,"anti_elite_score",0.0494171336132383,1,0.420506401986177,0.630561163293843,0,NA,"partei_label_other"
"Q1_Eher.nicht",0,0.0494171336132383,2017,"anti_elite_score",0.0494171336132383,1,0.420506401986177,0.630561163293843,0,"Q1","Eher.nicht"
"Q1_Ja.",0,0.0494171336132383,2017,"anti_elite_score",0.0494171336132383,1,0.420506401986177,0.630561163293843,0,"Q1","Ja."
"Q1_Keine.Angabe",0,0.0494171336132383,2017,"anti_elite_score",0.0494171336132383,1,0.420506401986177,0.630561163293843,0,"Q1","Keine.Angabe"
"Q1_Nein.",0,0.0494171336132383,2017,"anti_elite_score",0.0494171336132383,1,0.420506401986177,0.630561163293843,0,"Q1","Nein."
"Q1_Unentschieden",0,0.0494171336132383,2017,"anti_elite_score",0.0494171336132383,1,0.420506401986177,0.630561163293843,0,"Q1","Unentschieden"
"Q1_other",0,0.0494171336132383,2017,"anti_elite_score",0.0494171336132383,1,0.420506401986177,0.630561163293843,0,"Q1","other"
"Q2_Eher.ja",0,0.0494171336132383,2017,"anti_elite_score",0.0494171336132383,1,0.420506401986177,0.630561163293843,0,"Q2","Eher.ja"
"Q2_Eher.nicht",0,0.0494171336132383,2017,"anti_elite_score",0.0494171336132383,1,0.420506401986177,0.630561163293843,0,"Q2","Eher.nicht"
"Q2_Ja.",0,0.0494171336132383,2017,"anti_elite_score",0.0494171336132383,1,0.420506401986177,0.630561163293843,0,"Q2","Ja."
"Q2_Keine.Angabe",0,0.0494171336132383,2017,"anti_elite_score",0.0494171336132383,1,0.420506401986177,0.630561163293843,0,"Q2","Keine.Angabe"
"Q2_Nein.",0,0.0494171336132383,2017,"anti_elite_score",0.0494171336132383,1,0.420506401986177,0.630561163293843,0,"Q2","Nein."
"Q2_Unentschieden",0,0.0494171336132383,2017,"anti_elite_score",0.0494171336132383,1,0.420506401986177,0.630561163293843,0,"Q2","Unentschieden"
"Q2_other",0,0.0494171336132383,2017,"anti_elite_score",0.0494171336132383,1,0.420506401986177,0.630561163293843,0,"Q2","other"
"Q3_Eher.ja",0,0.0494171336132383,2017,"anti_elite_score",0.0494171336132383,1,0.420506401986177,0.630561163293843,0,"Q3","Eher.ja"
"Q3_Eher.nicht",0,0.0494171336132383,2017,"anti_elite_score",0.0494171336132383,1,0.420506401986177,0.630561163293843,0,"Q3","Eher.nicht"
"Q3_Ja.",0,0.0494171336132383,2017,"anti_elite_score",0.0494171336132383,1,0.420506401986177,0.630561163293843,0,"Q3","Ja."
"Q3_Keine.Angabe",0,0.0494171336132383,2017,"anti_elite_score",0.0494171336132383,1,0.420506401986177,0.630561163293843,0,"Q3","Keine.Angabe"
"Q3_Nein.",0,0.0494171336132383,2017,"anti_elite_score",0.0494171336132383,1,0.420506401986177,0.630561163293843,0,"Q3","Nein."
"Q3_Unentschieden",0,0.0494171336132383,2017,"anti_elite_score",0.0494171336132383,1,0.420506401986177,0.630561163293843,0,"Q3","Unentschieden"
"Q3_other",0,0.0494171336132383,2017,"anti_elite_score",0.0494171336132383,1,0.420506401986177,0.630561163293843,0,"Q3","other"
"Q4_Eher.ja",0,0.0494171336132383,2017,"anti_elite_score",0.0494171336132383,1,0.420506401986177,0.630561163293843,0,"Q4","Eher.ja"
"Q4_Eher.nicht",0,0.0494171336132383,2017,"anti_elite_score",0.0494171336132383,1,0.420506401986177,0.630561163293843,0,"Q4","Eher.nicht"
"Q4_Ja.",0,0.0494171336132383,2017,"anti_elite_score",0.0494171336132383,1,0.420506401986177,0.630561163293843,0,"Q4","Ja."
"Q4_Keine.Angabe",0,0.0494171336132383,2017,"anti_elite_score",0.0494171336132383,1,0.420506401986177,0.630561163293843,0,"Q4","Keine.Angabe"
"Q4_Nein.",0,0.0494171336132383,2017,"anti_elite_score",0.0494171336132383,1,0.420506401986177,0.630561163293843,0,"Q4","Nein."
"Q4_Unentschieden",0,0.0494171336132383,2017,"anti_elite_score",0.0494171336132383,1,0.420506401986177,0.630561163293843,0,"Q4","Unentschieden"
"Q4_other",0,0.0494171336132383,2017,"anti_elite_score",0.0494171336132383,1,0.420506401986177,0.630561163293843,0,"Q4","other"
"Q5_Eher.ja",0,0.0494171336132383,2017,"anti_elite_score",0.0494171336132383,1,0.420506401986177,0.630561163293843,0,"Q5","Eher.ja"
"Q5_Eher.nicht",0,0.0494171336132383,2017,"anti_elite_score",0.0494171336132383,1,0.420506401986177,0.630561163293843,0,"Q5","Eher.nicht"
"Q5_Ja.",0,0.0494171336132383,2017,"anti_elite_score",0.0494171336132383,1,0.420506401986177,0.630561163293843,0,"Q5","Ja."
"Q5_Keine.Angabe",0,0.0494171336132383,2017,"anti_elite_score",0.0494171336132383,1,0.420506401986177,0.630561163293843,0,"Q5","Keine.Angabe"
"Q5_Unentschieden",0,0.0494171336132383,2017,"anti_elite_score",0.0494171336132383,1,0.420506401986177,0.630561163293843,0,"Q5","Unentschieden"
"Q5_other",0,0.0494171336132383,2017,"anti_elite_score",0.0494171336132383,1,0.420506401986177,0.630561163293843,0,"Q5","other"
"Q6_Eher.ja",0,0.0494171336132383,2017,"anti_elite_score",0.0494171336132383,1,0.420506401986177,0.630561163293843,0,"Q6","Eher.ja"
"Q6_Keine.Angabe",0,0.0494171336132383,2017,"anti_elite_score",0.0494171336132383,1,0.420506401986177,0.630561163293843,0,"Q6","Keine.Angabe"
"Q6_Unentschieden",0,0.0494171336132383,2017,"anti_elite_score",0.0494171336132383,1,0.420506401986177,0.630561163293843,0,"Q6","Unentschieden"
"Q6_other",0,0.0494171336132383,2017,"anti_elite_score",0.0494171336132383,1,0.420506401986177,0.630561163293843,0,"Q6","other"
"Q7_Eher.ja",0,0.0494171336132383,2017,"anti_elite_score",0.0494171336132383,1,0.420506401986177,0.630561163293843,0,"Q7","Eher.ja"
"Q7_Eher.nicht",0,0.0494171336132383,2017,"anti_elite_score",0.0494171336132383,1,0.420506401986177,0.630561163293843,0,"Q7","Eher.nicht"
"Q7_Ja.",0,0.0494171336132383,2017,"anti_elite_score",0.0494171336132383,1,0.420506401986177,0.630561163293843,0,"Q7","Ja."
"Q7_Keine.Angabe",0,0.0494171336132383,2017,"anti_elite_score",0.0494171336132383,1,0.420506401986177,0.630561163293843,0,"Q7","Keine.Angabe"
"Q7_Nein.",0,0.0494171336132383,2017,"anti_elite_score",0.0494171336132383,1,0.420506401986177,0.630561163293843,0,"Q7","Nein."
"Q7_Unentschieden",0,0.0494171336132383,2017,"anti_elite_score",0.0494171336132383,1,0.420506401986177,0.630561163293843,0,"Q7","Unentschieden"
"Q7_other",0,0.0494171336132383,2017,"anti_elite_score",0.0494171336132383,1,0.420506401986177,0.630561163293843,0,"Q7","other"
"Q8_Eher.ja",0,0.0494171336132383,2017,"anti_elite_score",0.0494171336132383,1,0.420506401986177,0.630561163293843,0,"Q8","Eher.ja"
"Q8_Eher.nicht",0,0.0494171336132383,2017,"anti_elite_score",0.0494171336132383,1,0.420506401986177,0.630561163293843,0,"Q8","Eher.nicht"
"Q8_Ja.",0,0.0494171336132383,2017,"anti_elite_score",0.0494171336132383,1,0.420506401986177,0.630561163293843,0,"Q8","Ja."
"Q8_Keine.Angabe",0,0.0494171336132383,2017,"anti_elite_score",0.0494171336132383,1,0.420506401986177,0.630561163293843,0,"Q8","Keine.Angabe"
"Q8_Nein.",0,0.0494171336132383,2017,"anti_elite_score",0.0494171336132383,1,0.420506401986177,0.630561163293843,0,"Q8","Nein."
"Q8_Unentschieden",0,0.0494171336132383,2017,"anti_elite_score",0.0494171336132383,1,0.420506401986177,0.630561163293843,0,"Q8","Unentschieden"
"Q8_other",0,0.0494171336132383,2017,"anti_elite_score",0.0494171336132383,1,0.420506401986177,0.630561163293843,0,"Q8","other"
"Q9_Eher.ja",0,0.0494171336132383,2017,"anti_elite_score",0.0494171336132383,1,0.420506401986177,0.630561163293843,0,"Q9","Eher.ja"
"Q9_Eher.nicht",0,0.0494171336132383,2017,"anti_elite_score",0.0494171336132383,1,0.420506401986177,0.630561163293843,0,"Q9","Eher.nicht"
"Q9_Ja.",0,0.0494171336132383,2017,"anti_elite_score",0.0494171336132383,1,0.420506401986177,0.630561163293843,0,"Q9","Ja."
"Q9_Keine.Angabe",0,0.0494171336132383,2017,"anti_elite_score",0.0494171336132383,1,0.420506401986177,0.630561163293843,0,"Q9","Keine.Angabe"
"Q9_Nein.",0,0.0494171336132383,2017,"anti_elite_score",0.0494171336132383,1,0.420506401986177,0.630561163293843,0,"Q9","Nein."
"Q9_Unentschieden",0,0.0494171336132383,2017,"anti_elite_score",0.0494171336132383,1,0.420506401986177,0.630561163293843,0,"Q9","Unentschieden"
"Q9_other",0,0.0494171336132383,2017,"anti_elite_score",0.0494171336132383,1,0.420506401986177,0.630561163293843,0,"Q9","other"
"Q10_Eher.ja",0,0.0494171336132383,2017,"anti_elite_score",0.0494171336132383,1,0.420506401986177,0.630561163293843,0,"Q10","Eher.ja"
"Q10_Eher.nicht",0,0.0494171336132383,2017,"anti_elite_score",0.0494171336132383,1,0.420506401986177,0.630561163293843,0,"Q10","Eher.nicht"
"Q10_Ja.",0,0.0494171336132383,2017,"anti_elite_score",0.0494171336132383,1,0.420506401986177,0.630561163293843,0,"Q10","Ja."
"Q10_Keine.Angabe",0,0.0494171336132383,2017,"anti_elite_score",0.0494171336132383,1,0.420506401986177,0.630561163293843,0,"Q10","Keine.Angabe"
"Q10_Nein.",0,0.0494171336132383,2017,"anti_elite_score",0.0494171336132383,1,0.420506401986177,0.630561163293843,0,"Q10","Nein."
"Q10_Unentschieden",0,0.0494171336132383,2017,"anti_elite_score",0.0494171336132383,1,0.420506401986177,0.630561163293843,0,"Q10","Unentschieden"
"Q10_other",0,0.0494171336132383,2017,"anti_elite_score",0.0494171336132383,1,0.420506401986177,0.630561163293843,0,"Q10","other"
"Q11_Eher.nicht",0,0.0494171336132383,2017,"anti_elite_score",0.0494171336132383,1,0.420506401986177,0.630561163293843,0,"Q11","Eher.nicht"
"Q11_Ja.",0,0.0494171336132383,2017,"anti_elite_score",0.0494171336132383,1,0.420506401986177,0.630561163293843,0,"Q11","Ja."
"Q11_Keine.Angabe",0,0.0494171336132383,2017,"anti_elite_score",0.0494171336132383,1,0.420506401986177,0.630561163293843,0,"Q11","Keine.Angabe"
"Q11_Nein.",0,0.0494171336132383,2017,"anti_elite_score",0.0494171336132383,1,0.420506401986177,0.630561163293843,0,"Q11","Nein."
"Q11_Unentschieden",0,0.0494171336132383,2017,"anti_elite_score",0.0494171336132383,1,0.420506401986177,0.630561163293843,0,"Q11","Unentschieden"
"Q11_other",0,0.0494171336132383,2017,"anti_elite_score",0.0494171336132383,1,0.420506401986177,0.630561163293843,0,"Q11","other"
"Q12_Eher.ja",0,0.0494171336132383,2017,"anti_elite_score",0.0494171336132383,1,0.420506401986177,0.630561163293843,0,"Q12","Eher.ja"
"Q12_Eher.nicht",0,0.0494171336132383,2017,"anti_elite_score",0.0494171336132383,1,0.420506401986177,0.630561163293843,0,"Q12","Eher.nicht"
"Q12_Ja.",0,0.0494171336132383,2017,"anti_elite_score",0.0494171336132383,1,0.420506401986177,0.630561163293843,0,"Q12","Ja."
"Q12_Keine.Angabe",0,0.0494171336132383,2017,"anti_elite_score",0.0494171336132383,1,0.420506401986177,0.630561163293843,0,"Q12","Keine.Angabe"
"Q12_Nein.",0,0.0494171336132383,2017,"anti_elite_score",0.0494171336132383,1,0.420506401986177,0.630561163293843,0,"Q12","Nein."
"Q12_Unentschieden",0,0.0494171336132383,2017,"anti_elite_score",0.0494171336132383,1,0.420506401986177,0.630561163293843,0,"Q12","Unentschieden"
"Q12_other",0,0.0494171336132383,2017,"anti_elite_score",0.0494171336132383,1,0.420506401986177,0.630561163293843,0,"Q12","other"
"Q13_Eher.ja",0,0.0494171336132383,2017,"anti_elite_score",0.0494171336132383,1,0.420506401986177,0.630561163293843,0,"Q13","Eher.ja"
"Q13_Eher.nicht",0,0.0494171336132383,2017,"anti_elite_score",0.0494171336132383,1,0.420506401986177,0.630561163293843,0,"Q13","Eher.nicht"
"Q13_Ja.",0,0.0494171336132383,2017,"anti_elite_score",0.0494171336132383,1,0.420506401986177,0.630561163293843,0,"Q13","Ja."
"Q13_Keine.Angabe",0,0.0494171336132383,2017,"anti_elite_score",0.0494171336132383,1,0.420506401986177,0.630561163293843,0,"Q13","Keine.Angabe"
"Q13_Nein.",0,0.0494171336132383,2017,"anti_elite_score",0.0494171336132383,1,0.420506401986177,0.630561163293843,0,"Q13","Nein."
"Q13_Unentschieden",0,0.0494171336132383,2017,"anti_elite_score",0.0494171336132383,1,0.420506401986177,0.630561163293843,0,"Q13","Unentschieden"
"Q13_other",0,0.0494171336132383,2017,"anti_elite_score",0.0494171336132383,1,0.420506401986177,0.630561163293843,0,"Q13","other"
"Q14_Eher.ja",0,0.0494171336132383,2017,"anti_elite_score",0.0494171336132383,1,0.420506401986177,0.630561163293843,0,"Q14","Eher.ja"
"Q14_Eher.nicht",0,0.0494171336132383,2017,"anti_elite_score",0.0494171336132383,1,0.420506401986177,0.630561163293843,0,"Q14","Eher.nicht"
"Q14_Ja.",0,0.0494171336132383,2017,"anti_elite_score",0.0494171336132383,1,0.420506401986177,0.630561163293843,0,"Q14","Ja."
"Q14_Keine.Angabe",0,0.0494171336132383,2017,"anti_elite_score",0.0494171336132383,1,0.420506401986177,0.630561163293843,0,"Q14","Keine.Angabe"
"Q14_Nein.",0,0.0494171336132383,2017,"anti_elite_score",0.0494171336132383,1,0.420506401986177,0.630561163293843,0,"Q14","Nein."
"Q14_Unentschieden",0,0.0494171336132383,2017,"anti_elite_score",0.0494171336132383,1,0.420506401986177,0.630561163293843,0,"Q14","Unentschieden"
"Q14_other",0,0.0494171336132383,2017,"anti_elite_score",0.0494171336132383,1,0.420506401986177,0.630561163293843,0,"Q14","other"
"Q15_Eher.ja",0,0.0494171336132383,2017,"anti_elite_score",0.0494171336132383,1,0.420506401986177,0.630561163293843,0,"Q15","Eher.ja"
"Q15_Eher.nicht",0,0.0494171336132383,2017,"anti_elite_score",0.0494171336132383,1,0.420506401986177,0.630561163293843,0,"Q15","Eher.nicht"
"Q15_Ja.",0,0.0494171336132383,2017,"anti_elite_score",0.0494171336132383,1,0.420506401986177,0.630561163293843,0,"Q15","Ja."
"Q15_Keine.Angabe",0,0.0494171336132383,2017,"anti_elite_score",0.0494171336132383,1,0.420506401986177,0.630561163293843,0,"Q15","Keine.Angabe"
"Q15_Nein.",0,0.0494171336132383,2017,"anti_elite_score",0.0494171336132383,1,0.420506401986177,0.630561163293843,0,"Q15","Nein."
"Q15_Unentschieden",0,0.0494171336132383,2017,"anti_elite_score",0.0494171336132383,1,0.420506401986177,0.630561163293843,0,"Q15","Unentschieden"
"Q15_other",0,0.0494171336132383,2017,"anti_elite_score",0.0494171336132383,1,0.420506401986177,0.630561163293843,0,"Q15","other"
"Q16_Eher.ja",0,0.0494171336132383,2017,"anti_elite_score",0.0494171336132383,1,0.420506401986177,0.630561163293843,0,"Q16","Eher.ja"
"Q16_Eher.nicht",0,0.0494171336132383,2017,"anti_elite_score",0.0494171336132383,1,0.420506401986177,0.630561163293843,0,"Q16","Eher.nicht"
"Q16_Ja.",0,0.0494171336132383,2017,"anti_elite_score",0.0494171336132383,1,0.420506401986177,0.630561163293843,0,"Q16","Ja."
"Q16_Keine.Angabe",0,0.0494171336132383,2017,"anti_elite_score",0.0494171336132383,1,0.420506401986177,0.630561163293843,0,"Q16","Keine.Angabe"
"Q16_Nein.",0,0.0494171336132383,2017,"anti_elite_score",0.0494171336132383,1,0.420506401986177,0.630561163293843,0,"Q16","Nein."
"Q16_Unentschieden",0,0.0494171336132383,2017,"anti_elite_score",0.0494171336132383,1,0.420506401986177,0.630561163293843,0,"Q16","Unentschieden"
"Q16_other",0,0.0494171336132383,2017,"anti_elite_score",0.0494171336132383,1,0.420506401986177,0.630561163293843,0,"Q16","other"
"Q17_Eher.ja",0,0.0494171336132383,2017,"anti_elite_score",0.0494171336132383,1,0.420506401986177,0.630561163293843,0,"Q17","Eher.ja"
"Q17_Eher.nicht",0,0.0494171336132383,2017,"anti_elite_score",0.0494171336132383,1,0.420506401986177,0.630561163293843,0,"Q17","Eher.nicht"
"Q17_Ja.",0,0.0494171336132383,2017,"anti_elite_score",0.0494171336132383,1,0.420506401986177,0.630561163293843,0,"Q17","Ja."
"Q17_Keine.Angabe",0,0.0494171336132383,2017,"anti_elite_score",0.0494171336132383,1,0.420506401986177,0.630561163293843,0,"Q17","Keine.Angabe"
"Q17_Nein.",0,0.0494171336132383,2017,"anti_elite_score",0.0494171336132383,1,0.420506401986177,0.630561163293843,0,"Q17","Nein."
"Q17_Unentschieden",0,0.0494171336132383,2017,"anti_elite_score",0.0494171336132383,1,0.420506401986177,0.630561163293843,0,"Q17","Unentschieden"
"Q17_other",0,0.0494171336132383,2017,"anti_elite_score",0.0494171336132383,1,0.420506401986177,0.630561163293843,0,"Q17","other"
"Q18_Eher.ja",0,0.0494171336132383,2017,"anti_elite_score",0.0494171336132383,1,0.420506401986177,0.630561163293843,0,"Q18","Eher.ja"
"Q18_Eher.nicht",0,0.0494171336132383,2017,"anti_elite_score",0.0494171336132383,1,0.420506401986177,0.630561163293843,0,"Q18","Eher.nicht"
"Q18_Ja.",0,0.0494171336132383,2017,"anti_elite_score",0.0494171336132383,1,0.420506401986177,0.630561163293843,0,"Q18","Ja."
"Q18_Keine.Angabe",0,0.0494171336132383,2017,"anti_elite_score",0.0494171336132383,1,0.420506401986177,0.630561163293843,0,"Q18","Keine.Angabe"
"Q18_Nein.",0,0.0494171336132383,2017,"anti_elite_score",0.0494171336132383,1,0.420506401986177,0.630561163293843,0,"Q18","Nein."
"Q18_Unentschieden",0,0.0494171336132383,2017,"anti_elite_score",0.0494171336132383,1,0.420506401986177,0.630561163293843,0,"Q18","Unentschieden"
"Q18_other",0,0.0494171336132383,2017,"anti_elite_score",0.0494171336132383,1,0.420506401986177,0.630561163293843,0,"Q18","other"
"Q19_Eher.ja",0,0.0494171336132383,2017,"anti_elite_score",0.0494171336132383,1,0.420506401986177,0.630561163293843,0,"Q19","Eher.ja"
"Q19_Eher.nicht",0,0.0494171336132383,2017,"anti_elite_score",0.0494171336132383,1,0.420506401986177,0.630561163293843,0,"Q19","Eher.nicht"
"Q19_Ja.",0,0.0494171336132383,2017,"anti_elite_score",0.0494171336132383,1,0.420506401986177,0.630561163293843,0,"Q19","Ja."
"Q19_Keine.Angabe",0,0.0494171336132383,2017,"anti_elite_score",0.0494171336132383,1,0.420506401986177,0.630561163293843,0,"Q19","Keine.Angabe"
"Q19_Nein.",0,0.0494171336132383,2017,"anti_elite_score",0.0494171336132383,1,0.420506401986177,0.630561163293843,0,"Q19","Nein."
"Q19_Unentschieden",0,0.0494171336132383,2017,"anti_elite_score",0.0494171336132383,1,0.420506401986177,0.630561163293843,0,"Q19","Unentschieden"
"Q19_other",0,0.0494171336132383,2017,"anti_elite_score",0.0494171336132383,1,0.420506401986177,0.630561163293843,0,"Q19","other"
"Q20_Eher.ja",0,0.0494171336132383,2017,"anti_elite_score",0.0494171336132383,1,0.420506401986177,0.630561163293843,0,"Q20","Eher.ja"
"Q20_Eher.nicht",0,0.0494171336132383,2017,"anti_elite_score",0.0494171336132383,1,0.420506401986177,0.630561163293843,0,"Q20","Eher.nicht"
"Q20_Ja.",0,0.0494171336132383,2017,"anti_elite_score",0.0494171336132383,1,0.420506401986177,0.630561163293843,0,"Q20","Ja."
"Q20_Keine.Angabe",0,0.0494171336132383,2017,"anti_elite_score",0.0494171336132383,1,0.420506401986177,0.630561163293843,0,"Q20","Keine.Angabe"
"Q20_Nein.",0,0.0494171336132383,2017,"anti_elite_score",0.0494171336132383,1,0.420506401986177,0.630561163293843,0,"Q20","Nein."
"Q20_Unentschieden",0,0.0494171336132383,2017,"anti_elite_score",0.0494171336132383,1,0.420506401986177,0.630561163293843,0,"Q20","Unentschieden"
"Q20_other",0,0.0494171336132383,2017,"anti_elite_score",0.0494171336132383,1,0.420506401986177,0.630561163293843,0,"Q20","other"
"Q21_Eher.ja",0,0.0494171336132383,2017,"anti_elite_score",0.0494171336132383,1,0.420506401986177,0.630561163293843,0,"Q21","Eher.ja"
"Q21_Eher.nicht",0,0.0494171336132383,2017,"anti_elite_score",0.0494171336132383,1,0.420506401986177,0.630561163293843,0,"Q21","Eher.nicht"
"Q21_Ja.",0,0.0494171336132383,2017,"anti_elite_score",0.0494171336132383,1,0.420506401986177,0.630561163293843,0,"Q21","Ja."
"Q21_Keine.Angabe",0,0.0494171336132383,2017,"anti_elite_score",0.0494171336132383,1,0.420506401986177,0.630561163293843,0,"Q21","Keine.Angabe"
"Q21_Nein.",0,0.0494171336132383,2017,"anti_elite_score",0.0494171336132383,1,0.420506401986177,0.630561163293843,0,"Q21","Nein."
"Q21_Unentschieden",0,0.0494171336132383,2017,"anti_elite_score",0.0494171336132383,1,0.420506401986177,0.630561163293843,0,"Q21","Unentschieden"
"Q21_other",0,0.0494171336132383,2017,"anti_elite_score",0.0494171336132383,1,0.420506401986177,0.630561163293843,0,"Q21","other"
"Q22_Eher.ja",0,0.0494171336132383,2017,"anti_elite_score",0.0494171336132383,1,0.420506401986177,0.630561163293843,0,"Q22","Eher.ja"
"Q22_Eher.nicht",0,0.0494171336132383,2017,"anti_elite_score",0.0494171336132383,1,0.420506401986177,0.630561163293843,0,"Q22","Eher.nicht"
"Q22_Ja.",0,0.0494171336132383,2017,"anti_elite_score",0.0494171336132383,1,0.420506401986177,0.630561163293843,0,"Q22","Ja."
"Q22_Keine.Angabe",0,0.0494171336132383,2017,"anti_elite_score",0.0494171336132383,1,0.420506401986177,0.630561163293843,0,"Q22","Keine.Angabe"
"Q22_Nein.",0,0.0494171336132383,2017,"anti_elite_score",0.0494171336132383,1,0.420506401986177,0.630561163293843,0,"Q22","Nein."
"Q22_Unentschieden",0,0.0494171336132383,2017,"anti_elite_score",0.0494171336132383,1,0.420506401986177,0.630561163293843,0,"Q22","Unentschieden"
"Q22_other",0,0.0494171336132383,2017,"anti_elite_score",0.0494171336132383,1,0.420506401986177,0.630561163293843,0,"Q22","other"
"Q23_Eher.ja",0,0.0494171336132383,2017,"anti_elite_score",0.0494171336132383,1,0.420506401986177,0.630561163293843,0,"Q23","Eher.ja"
"Q23_Eher.nicht",0,0.0494171336132383,2017,"anti_elite_score",0.0494171336132383,1,0.420506401986177,0.630561163293843,0,"Q23","Eher.nicht"
"Q23_Ja.",0,0.0494171336132383,2017,"anti_elite_score",0.0494171336132383,1,0.420506401986177,0.630561163293843,0,"Q23","Ja."
"Q23_Keine.Angabe",0,0.0494171336132383,2017,"anti_elite_score",0.0494171336132383,1,0.420506401986177,0.630561163293843,0,"Q23","Keine.Angabe"
"Q23_Nein.",0,0.0494171336132383,2017,"anti_elite_score",0.0494171336132383,1,0.420506401986177,0.630561163293843,0,"Q23","Nein."
"Q23_Unentschieden",0,0.0494171336132383,2017,"anti_elite_score",0.0494171336132383,1,0.420506401986177,0.630561163293843,0,"Q23","Unentschieden"
"Q23_other",0,0.0494171336132383,2017,"anti_elite_score",0.0494171336132383,1,0.420506401986177,0.630561163293843,0,"Q23","other"
"Q24_Eher.ja",0,0.0494171336132383,2017,"anti_elite_score",0.0494171336132383,1,0.420506401986177,0.630561163293843,0,"Q24","Eher.ja"
"Q24_Eher.nicht",0,0.0494171336132383,2017,"anti_elite_score",0.0494171336132383,1,0.420506401986177,0.630561163293843,0,"Q24","Eher.nicht"
"Q24_Ja.",0,0.0494171336132383,2017,"anti_elite_score",0.0494171336132383,1,0.420506401986177,0.630561163293843,0,"Q24","Ja."
"Q24_Keine.Angabe",0,0.0494171336132383,2017,"anti_elite_score",0.0494171336132383,1,0.420506401986177,0.630561163293843,0,"Q24","Keine.Angabe"
"Q24_Nein.",0,0.0494171336132383,2017,"anti_elite_score",0.0494171336132383,1,0.420506401986177,0.630561163293843,0,"Q24","Nein."
"Q24_Unentschieden",0,0.0494171336132383,2017,"anti_elite_score",0.0494171336132383,1,0.420506401986177,0.630561163293843,0,"Q24","Unentschieden"
"Q24_other",0,0.0494171336132383,2017,"anti_elite_score",0.0494171336132383,1,0.420506401986177,0.630561163293843,0,"Q24","other"
"Q25_Eher.ja",0,0.0494171336132383,2017,"anti_elite_score",0.0494171336132383,1,0.420506401986177,0.630561163293843,0,"Q25","Eher.ja"
"Q25_Eher.nicht",0,0.0494171336132383,2017,"anti_elite_score",0.0494171336132383,1,0.420506401986177,0.630561163293843,0,"Q25","Eher.nicht"
"Q25_Ja.",0,0.0494171336132383,2017,"anti_elite_score",0.0494171336132383,1,0.420506401986177,0.630561163293843,0,"Q25","Ja."
"Q25_Keine.Angabe",0,0.0494171336132383,2017,"anti_elite_score",0.0494171336132383,1,0.420506401986177,0.630561163293843,0,"Q25","Keine.Angabe"
"Q25_Nein.",0,0.0494171336132383,2017,"anti_elite_score",0.0494171336132383,1,0.420506401986177,0.630561163293843,0,"Q25","Nein."
"Q25_Unentschieden",0,0.0494171336132383,2017,"anti_elite_score",0.0494171336132383,1,0.420506401986177,0.630561163293843,0,"Q25","Unentschieden"
"Q25_other",0,0.0494171336132383,2017,"anti_elite_score",0.0494171336132383,1,0.420506401986177,0.630561163293843,0,"Q25","other"
"Q26_Eher.ja",0,0.0494171336132383,2017,"anti_elite_score",0.0494171336132383,1,0.420506401986177,0.630561163293843,0,"Q26","Eher.ja"
"Q26_Eher.nicht",0,0.0494171336132383,2017,"anti_elite_score",0.0494171336132383,1,0.420506401986177,0.630561163293843,0,"Q26","Eher.nicht"
"Q26_Ja.",0,0.0494171336132383,2017,"anti_elite_score",0.0494171336132383,1,0.420506401986177,0.630561163293843,0,"Q26","Ja."
"Q26_Keine.Angabe",0,0.0494171336132383,2017,"anti_elite_score",0.0494171336132383,1,0.420506401986177,0.630561163293843,0,"Q26","Keine.Angabe"
"Q26_Nein.",0,0.0494171336132383,2017,"anti_elite_score",0.0494171336132383,1,0.420506401986177,0.630561163293843,0,"Q26","Nein."
"Q26_other",0,0.0494171336132383,2017,"anti_elite_score",0.0494171336132383,1,0.420506401986177,0.630561163293843,0,"Q26","other"
"Q27_Eher.ja",0,0.0494171336132383,2017,"anti_elite_score",0.0494171336132383,1,0.420506401986177,0.630561163293843,0,"Q27","Eher.ja"
"Q27_Eher.nicht",0,0.0494171336132383,2017,"anti_elite_score",0.0494171336132383,1,0.420506401986177,0.630561163293843,0,"Q27","Eher.nicht"
"Q27_Ja.",0,0.0494171336132383,2017,"anti_elite_score",0.0494171336132383,1,0.420506401986177,0.630561163293843,0,"Q27","Ja."
"Q27_Keine.Angabe",0,0.0494171336132383,2017,"anti_elite_score",0.0494171336132383,1,0.420506401986177,0.630561163293843,0,"Q27","Keine.Angabe"
"Q27_Nein.",0,0.0494171336132383,2017,"anti_elite_score",0.0494171336132383,1,0.420506401986177,0.630561163293843,0,"Q27","Nein."
"Q27_Unentschieden",0,0.0494171336132383,2017,"anti_elite_score",0.0494171336132383,1,0.420506401986177,0.630561163293843,0,"Q27","Unentschieden"
"Q27_other",0,0.0494171336132383,2017,"anti_elite_score",0.0494171336132383,1,0.420506401986177,0.630561163293843,0,"Q27","other"
"Q28_Eher.ja",0,0.0494171336132383,2017,"anti_elite_score",0.0494171336132383,1,0.420506401986177,0.630561163293843,0,"Q28","Eher.ja"
"Q28_Eher.nicht",0,0.0494171336132383,2017,"anti_elite_score",0.0494171336132383,1,0.420506401986177,0.630561163293843,0,"Q28","Eher.nicht"
"Q28_Ja.",0,0.0494171336132383,2017,"anti_elite_score",0.0494171336132383,1,0.420506401986177,0.630561163293843,0,"Q28","Ja."
"Q28_Keine.Angabe",0,0.0494171336132383,2017,"anti_elite_score",0.0494171336132383,1,0.420506401986177,0.630561163293843,0,"Q28","Keine.Angabe"
"Q28_Nein.",0,0.0494171336132383,2017,"anti_elite_score",0.0494171336132383,1,0.420506401986177,0.630561163293843,0,"Q28","Nein."
"Q28_Unentschieden",0,0.0494171336132383,2017,"anti_elite_score",0.0494171336132383,1,0.420506401986177,0.630561163293843,0,"Q28","Unentschieden"
"Q28_other",0,0.0494171336132383,2017,"anti_elite_score",0.0494171336132383,1,0.420506401986177,0.630561163293843,0,"Q28","other"
"Q29_Eher.ja",0,0.0494171336132383,2017,"anti_elite_score",0.0494171336132383,1,0.420506401986177,0.630561163293843,0,"Q29","Eher.ja"
"Q29_Eher.nicht",0,0.0494171336132383,2017,"anti_elite_score",0.0494171336132383,1,0.420506401986177,0.630561163293843,0,"Q29","Eher.nicht"
"Q29_Ja.",0,0.0494171336132383,2017,"anti_elite_score",0.0494171336132383,1,0.420506401986177,0.630561163293843,0,"Q29","Ja."
"Q29_Keine.Angabe",0,0.0494171336132383,2017,"anti_elite_score",0.0494171336132383,1,0.420506401986177,0.630561163293843,0,"Q29","Keine.Angabe"
"Q29_Nein.",0,0.0494171336132383,2017,"anti_elite_score",0.0494171336132383,1,0.420506401986177,0.630561163293843,0,"Q29","Nein."
"Q29_Unentschieden",0,0.0494171336132383,2017,"anti_elite_score",0.0494171336132383,1,0.420506401986177,0.630561163293843,0,"Q29","Unentschieden"
"Q29_other",0,0.0494171336132383,2017,"anti_elite_score",0.0494171336132383,1,0.420506401986177,0.630561163293843,0,"Q29","other"
"Q30_Eher.ja",0,0.0494171336132383,2017,"anti_elite_score",0.0494171336132383,1,0.420506401986177,0.630561163293843,0,"Q30","Eher.ja"
"Q30_Eher.nicht",0,0.0494171336132383,2017,"anti_elite_score",0.0494171336132383,1,0.420506401986177,0.630561163293843,0,"Q30","Eher.nicht"
"Q30_Ja.",0,0.0494171336132383,2017,"anti_elite_score",0.0494171336132383,1,0.420506401986177,0.630561163293843,0,"Q30","Ja."
"Q30_Keine.Angabe",0,0.0494171336132383,2017,"anti_elite_score",0.0494171336132383,1,0.420506401986177,0.630561163293843,0,"Q30","Keine.Angabe"
"Q30_Unentschieden",0,0.0494171336132383,2017,"anti_elite_score",0.0494171336132383,1,0.420506401986177,0.630561163293843,0,"Q30","Unentschieden"
"Q30_other",0,0.0494171336132383,2017,"anti_elite_score",0.0494171336132383,1,0.420506401986177,0.630561163293843,0,"Q30","other"
"Q31_Eher.nicht",0,0.0494171336132383,2017,"anti_elite_score",0.0494171336132383,1,0.420506401986177,0.630561163293843,0,"Q31","Eher.nicht"
"Q31_Ja.",0,0.0494171336132383,2017,"anti_elite_score",0.0494171336132383,1,0.420506401986177,0.630561163293843,0,"Q31","Ja."
"Q31_Keine.Angabe",0,0.0494171336132383,2017,"anti_elite_score",0.0494171336132383,1,0.420506401986177,0.630561163293843,0,"Q31","Keine.Angabe"
"Q31_Nein.",0,0.0494171336132383,2017,"anti_elite_score",0.0494171336132383,1,0.420506401986177,0.630561163293843,0,"Q31","Nein."
"Q31_Unentschieden",0,0.0494171336132383,2017,"anti_elite_score",0.0494171336132383,1,0.420506401986177,0.630561163293843,0,"Q31","Unentschieden"
"Q31_other",0,0.0494171336132383,2017,"anti_elite_score",0.0494171336132383,1,0.420506401986177,0.630561163293843,0,"Q31","other"
"Q32_Eher.ja",0,0.0494171336132383,2017,"anti_elite_score",0.0494171336132383,1,0.420506401986177,0.630561163293843,0,"Q32","Eher.ja"
"Q32_Eher.nicht",0,0.0494171336132383,2017,"anti_elite_score",0.0494171336132383,1,0.420506401986177,0.630561163293843,0,"Q32","Eher.nicht"
"Q32_Keine.Angabe",0,0.0494171336132383,2017,"anti_elite_score",0.0494171336132383,1,0.420506401986177,0.630561163293843,0,"Q32","Keine.Angabe"
"Q32_Unentschieden",0,0.0494171336132383,2017,"anti_elite_score",0.0494171336132383,1,0.420506401986177,0.630561163293843,0,"Q32","Unentschieden"
"Q32_other",0,0.0494171336132383,2017,"anti_elite_score",0.0494171336132383,1,0.420506401986177,0.630561163293843,0,"Q32","other"
"Q33_Eher.ja",0,0.0494171336132383,2017,"anti_elite_score",0.0494171336132383,1,0.420506401986177,0.630561163293843,0,"Q33","Eher.ja"
"Q33_Eher.nicht",0,0.0494171336132383,2017,"anti_elite_score",0.0494171336132383,1,0.420506401986177,0.630561163293843,0,"Q33","Eher.nicht"
"Q33_Ja.",0,0.0494171336132383,2017,"anti_elite_score",0.0494171336132383,1,0.420506401986177,0.630561163293843,0,"Q33","Ja."
"Q33_Keine.Angabe",0,0.0494171336132383,2017,"anti_elite_score",0.0494171336132383,1,0.420506401986177,0.630561163293843,0,"Q33","Keine.Angabe"
"Q33_Nein.",0,0.0494171336132383,2017,"anti_elite_score",0.0494171336132383,1,0.420506401986177,0.630561163293843,0,"Q33","Nein."
"Q33_Unentschieden",0,0.0494171336132383,2017,"anti_elite_score",0.0494171336132383,1,0.420506401986177,0.630561163293843,0,"Q33","Unentschieden"
"Q33_other",0,0.0494171336132383,2017,"anti_elite_score",0.0494171336132383,1,0.420506401986177,0.630561163293843,0,"Q33","other"
"Q34_Eher.ja",0,0.0494171336132383,2017,"anti_elite_score",0.0494171336132383,1,0.420506401986177,0.630561163293843,0,"Q34","Eher.ja"
"Q34_Keine.Angabe",0,0.0494171336132383,2017,"anti_elite_score",0.0494171336132383,1,0.420506401986177,0.630561163293843,0,"Q34","Keine.Angabe"
"Q34_Nein.",0,0.0494171336132383,2017,"anti_elite_score",0.0494171336132383,1,0.420506401986177,0.630561163293843,0,"Q34","Nein."
"Q34_Unentschieden",0,0.0494171336132383,2017,"anti_elite_score",0.0494171336132383,1,0.420506401986177,0.630561163293843,0,"Q34","Unentschieden"
"Q34_other",0,0.0494171336132383,2017,"anti_elite_score",0.0494171336132383,1,0.420506401986177,0.630561163293843,0,"Q34","other"
"Q35_Eher.ja",0,0.0494171336132383,2017,"anti_elite_score",0.0494171336132383,1,0.420506401986177,0.630561163293843,0,"Q35","Eher.ja"
"Q35_Eher.nicht",0,0.0494171336132383,2017,"anti_elite_score",0.0494171336132383,1,0.420506401986177,0.630561163293843,0,"Q35","Eher.nicht"
"Q35_Ja.",0,0.0494171336132383,2017,"anti_elite_score",0.0494171336132383,1,0.420506401986177,0.630561163293843,0,"Q35","Ja."
"Q35_Keine.Angabe",0,0.0494171336132383,2017,"anti_elite_score",0.0494171336132383,1,0.420506401986177,0.630561163293843,0,"Q35","Keine.Angabe"
"Q35_Nein.",0,0.0494171336132383,2017,"anti_elite_score",0.0494171336132383,1,0.420506401986177,0.630561163293843,0,"Q35","Nein."
"Q35_Unentschieden",0,0.0494171336132383,2017,"anti_elite_score",0.0494171336132383,1,0.420506401986177,0.630561163293843,0,"Q35","Unentschieden"
"Q35_other",0,0.0494171336132383,2017,"anti_elite_score",0.0494171336132383,1,0.420506401986177,0.630561163293843,0,"Q35","other"
"Q36_Eher.ja",0,0.0494171336132383,2017,"anti_elite_score",0.0494171336132383,1,0.420506401986177,0.630561163293843,0,"Q36","Eher.ja"
"Q36_Eher.nicht",0,0.0494171336132383,2017,"anti_elite_score",0.0494171336132383,1,0.420506401986177,0.630561163293843,0,"Q36","Eher.nicht"
"Q36_Ja.",0,0.0494171336132383,2017,"anti_elite_score",0.0494171336132383,1,0.420506401986177,0.630561163293843,0,"Q36","Ja."
"Q36_Keine.Angabe",0,0.0494171336132383,2017,"anti_elite_score",0.0494171336132383,1,0.420506401986177,0.630561163293843,0,"Q36","Keine.Angabe"
"Q36_Nein.",0,0.0494171336132383,2017,"anti_elite_score",0.0494171336132383,1,0.420506401986177,0.630561163293843,0,"Q36","Nein."
"Q36_Unentschieden",0,0.0494171336132383,2017,"anti_elite_score",0.0494171336132383,1,0.420506401986177,0.630561163293843,0,"Q36","Unentschieden"
"Q36_other",0,0.0494171336132383,2017,"anti_elite_score",0.0494171336132383,1,0.420506401986177,0.630561163293843,0,"Q36","other"
"Q37_Eher.ja",0,0.0494171336132383,2017,"anti_elite_score",0.0494171336132383,1,0.420506401986177,0.630561163293843,0,"Q37","Eher.ja"
"Q37_Eher.nicht",0,0.0494171336132383,2017,"anti_elite_score",0.0494171336132383,1,0.420506401986177,0.630561163293843,0,"Q37","Eher.nicht"
"Q37_Ja.",0,0.0494171336132383,2017,"anti_elite_score",0.0494171336132383,1,0.420506401986177,0.630561163293843,0,"Q37","Ja."
"Q37_Keine.Angabe",0,0.0494171336132383,2017,"anti_elite_score",0.0494171336132383,1,0.420506401986177,0.630561163293843,0,"Q37","Keine.Angabe"
"Q37_Nein.",0,0.0494171336132383,2017,"anti_elite_score",0.0494171336132383,1,0.420506401986177,0.630561163293843,0,"Q37","Nein."
"Q37_Unentschieden",0,0.0494171336132383,2017,"anti_elite_score",0.0494171336132383,1,0.420506401986177,0.630561163293843,0,"Q37","Unentschieden"
"Q37_other",0,0.0494171336132383,2017,"anti_elite_score",0.0494171336132383,1,0.420506401986177,0.630561163293843,0,"Q37","other"
"Q38_Eher.ja",0,0.0494171336132383,2017,"anti_elite_score",0.0494171336132383,1,0.420506401986177,0.630561163293843,0,"Q38","Eher.ja"
"Q38_Eher.nicht",0,0.0494171336132383,2017,"anti_elite_score",0.0494171336132383,1,0.420506401986177,0.630561163293843,0,"Q38","Eher.nicht"
"Q38_Keine.Angabe",0,0.0494171336132383,2017,"anti_elite_score",0.0494171336132383,1,0.420506401986177,0.630561163293843,0,"Q38","Keine.Angabe"
"Q38_Nein.",0,0.0494171336132383,2017,"anti_elite_score",0.0494171336132383,1,0.420506401986177,0.630561163293843,0,"Q38","Nein."
"Q38_Unentschieden",0,0.0494171336132383,2017,"anti_elite_score",0.0494171336132383,1,0.420506401986177,0.630561163293843,0,"Q38","Unentschieden"
"Q38_other",0,0.0494171336132383,2017,"anti_elite_score",0.0494171336132383,1,0.420506401986177,0.630561163293843,0,"Q38","other"
"Q39_Eher.ja",0,0.0494171336132383,2017,"anti_elite_score",0.0494171336132383,1,0.420506401986177,0.630561163293843,0,"Q39","Eher.ja"
"Q39_Eher.nicht",0,0.0494171336132383,2017,"anti_elite_score",0.0494171336132383,1,0.420506401986177,0.630561163293843,0,"Q39","Eher.nicht"
"Q39_Ja.",0,0.0494171336132383,2017,"anti_elite_score",0.0494171336132383,1,0.420506401986177,0.630561163293843,0,"Q39","Ja."
"Q39_Keine.Angabe",0,0.0494171336132383,2017,"anti_elite_score",0.0494171336132383,1,0.420506401986177,0.630561163293843,0,"Q39","Keine.Angabe"
"Q39_Nein.",0,0.0494171336132383,2017,"anti_elite_score",0.0494171336132383,1,0.420506401986177,0.630561163293843,0,"Q39","Nein."
"Q39_Unentschieden",0,0.0494171336132383,2017,"anti_elite_score",0.0494171336132383,1,0.420506401986177,0.630561163293843,0,"Q39","Unentschieden"
"Q39_other",0,0.0494171336132383,2017,"anti_elite_score",0.0494171336132383,1,0.420506401986177,0.630561163293843,0,"Q39","other"
"Q40_Eher.ja",0,0.0494171336132383,2017,"anti_elite_score",0.0494171336132383,1,0.420506401986177,0.630561163293843,0,"Q40","Eher.ja"
"Q40_Eher.nicht",0,0.0494171336132383,2017,"anti_elite_score",0.0494171336132383,1,0.420506401986177,0.630561163293843,0,"Q40","Eher.nicht"
"Q40_Ja.",0,0.0494171336132383,2017,"anti_elite_score",0.0494171336132383,1,0.420506401986177,0.630561163293843,0,"Q40","Ja."
"Q40_Keine.Angabe",0,0.0494171336132383,2017,"anti_elite_score",0.0494171336132383,1,0.420506401986177,0.630561163293843,0,"Q40","Keine.Angabe"
"Q40_Nein.",0,0.0494171336132383,2017,"anti_elite_score",0.0494171336132383,1,0.420506401986177,0.630561163293843,0,"Q40","Nein."
"Q40_other",0,0.0494171336132383,2017,"anti_elite_score",0.0494171336132383,1,0.420506401986177,0.630561163293843,0,"Q40","other"
"Q41_Eher.nicht",0,0.0494171336132383,2017,"anti_elite_score",0.0494171336132383,1,0.420506401986177,0.630561163293843,0,"Q41","Eher.nicht"
"Q41_Ja.",0,0.0494171336132383,2017,"anti_elite_score",0.0494171336132383,1,0.420506401986177,0.630561163293843,0,"Q41","Ja."
"Q41_Keine.Angabe",0,0.0494171336132383,2017,"anti_elite_score",0.0494171336132383,1,0.420506401986177,0.630561163293843,0,"Q41","Keine.Angabe"
"Q41_other",0,0.0494171336132383,2017,"anti_elite_score",0.0494171336132383,1,0.420506401986177,0.630561163293843,0,"Q41","other"
"Q42_Eher.ja",0,0.0494171336132383,2017,"anti_elite_score",0.0494171336132383,1,0.420506401986177,0.630561163293843,0,"Q42","Eher.ja"
"Q42_Ja.",0,0.0494171336132383,2017,"anti_elite_score",0.0494171336132383,1,0.420506401986177,0.630561163293843,0,"Q42","Ja."
"Q42_Keine.Angabe",0,0.0494171336132383,2017,"anti_elite_score",0.0494171336132383,1,0.420506401986177,0.630561163293843,0,"Q42","Keine.Angabe"
"Q42_Nein.",0,0.0494171336132383,2017,"anti_elite_score",0.0494171336132383,1,0.420506401986177,0.630561163293843,0,"Q42","Nein."
"Q42_Unentschieden",0,0.0494171336132383,2017,"anti_elite_score",0.0494171336132383,1,0.420506401986177,0.630561163293843,0,"Q42","Unentschieden"
"Q42_other",0,0.0494171336132383,2017,"anti_elite_score",0.0494171336132383,1,0.420506401986177,0.630561163293843,0,"Q42","other"
"Q43_Eher.ja",0,0.0494171336132383,2017,"anti_elite_score",0.0494171336132383,1,0.420506401986177,0.630561163293843,0,"Q43","Eher.ja"
"Q43_Ja.",0,0.0494171336132383,2017,"anti_elite_score",0.0494171336132383,1,0.420506401986177,0.630561163293843,0,"Q43","Ja."
"Q43_Keine.Angabe",0,0.0494171336132383,2017,"anti_elite_score",0.0494171336132383,1,0.420506401986177,0.630561163293843,0,"Q43","Keine.Angabe"
"Q43_Unentschieden",0,0.0494171336132383,2017,"anti_elite_score",0.0494171336132383,1,0.420506401986177,0.630561163293843,0,"Q43","Unentschieden"
"Q43_other",0,0.0494171336132383,2017,"anti_elite_score",0.0494171336132383,1,0.420506401986177,0.630561163293843,0,"Q43","other"
"Q44_Eher.ja",0,0.0494171336132383,2017,"anti_elite_score",0.0494171336132383,1,0.420506401986177,0.630561163293843,0,"Q44","Eher.ja"
"Q44_Eher.nicht",0,0.0494171336132383,2017,"anti_elite_score",0.0494171336132383,1,0.420506401986177,0.630561163293843,0,"Q44","Eher.nicht"
"Q44_Keine.Angabe",0,0.0494171336132383,2017,"anti_elite_score",0.0494171336132383,1,0.420506401986177,0.630561163293843,0,"Q44","Keine.Angabe"
"Q44_Nein.",0,0.0494171336132383,2017,"anti_elite_score",0.0494171336132383,1,0.420506401986177,0.630561163293843,0,"Q44","Nein."
"Q44_Unentschieden",0,0.0494171336132383,2017,"anti_elite_score",0.0494171336132383,1,0.420506401986177,0.630561163293843,0,"Q44","Unentschieden"
"Q44_other",0,0.0494171336132383,2017,"anti_elite_score",0.0494171336132383,1,0.420506401986177,0.630561163293843,0,"Q44","other"
"Q45_Keine.Angabe",0,0.0494171336132383,2017,"anti_elite_score",0.0494171336132383,1,0.420506401986177,0.630561163293843,0,"Q45","Keine.Angabe"
"Q45_Nein.",0,0.0494171336132383,2017,"anti_elite_score",0.0494171336132383,1,0.420506401986177,0.630561163293843,0,"Q45","Nein."
"Q45_other",0,0.0494171336132383,2017,"anti_elite_score",0.0494171336132383,1,0.420506401986177,0.630561163293843,0,"Q45","other"
"Q46_Eher.ja",0,0.0494171336132383,2017,"anti_elite_score",0.0494171336132383,1,0.420506401986177,0.630561163293843,0,"Q46","Eher.ja"
"Q46_Eher.nicht",0,0.0494171336132383,2017,"anti_elite_score",0.0494171336132383,1,0.420506401986177,0.630561163293843,0,"Q46","Eher.nicht"
"Q46_Ja.",0,0.0494171336132383,2017,"anti_elite_score",0.0494171336132383,1,0.420506401986177,0.630561163293843,0,"Q46","Ja."
"Q46_Keine.Angabe",0,0.0494171336132383,2017,"anti_elite_score",0.0494171336132383,1,0.420506401986177,0.630561163293843,0,"Q46","Keine.Angabe"
"Q46_Unentschieden",0,0.0494171336132383,2017,"anti_elite_score",0.0494171336132383,1,0.420506401986177,0.630561163293843,0,"Q46","Unentschieden"
"Q46_other",0,0.0494171336132383,2017,"anti_elite_score",0.0494171336132383,1,0.420506401986177,0.630561163293843,0,"Q46","other"
"Q47_Eher.ja",0,0.0494171336132383,2017,"anti_elite_score",0.0494171336132383,1,0.420506401986177,0.630561163293843,0,"Q47","Eher.ja"
"Q47_Eher.nicht",0,0.0494171336132383,2017,"anti_elite_score",0.0494171336132383,1,0.420506401986177,0.630561163293843,0,"Q47","Eher.nicht"
"Q47_Ja.",0,0.0494171336132383,2017,"anti_elite_score",0.0494171336132383,1,0.420506401986177,0.630561163293843,0,"Q47","Ja."
"Q47_Keine.Angabe",0,0.0494171336132383,2017,"anti_elite_score",0.0494171336132383,1,0.420506401986177,0.630561163293843,0,"Q47","Keine.Angabe"
"Q47_Unentschieden",0,0.0494171336132383,2017,"anti_elite_score",0.0494171336132383,1,0.420506401986177,0.630561163293843,0,"Q47","Unentschieden"
"Q47_other",0,0.0494171336132383,2017,"anti_elite_score",0.0494171336132383,1,0.420506401986177,0.630561163293843,0,"Q47","other"
"Q48_Eher.ja",0,0.0494171336132383,2017,"anti_elite_score",0.0494171336132383,1,0.420506401986177,0.630561163293843,0,"Q48","Eher.ja"
"Q48_Eher.nicht",0,0.0494171336132383,2017,"anti_elite_score",0.0494171336132383,1,0.420506401986177,0.630561163293843,0,"Q48","Eher.nicht"
"Q48_Ja.",0,0.0494171336132383,2017,"anti_elite_score",0.0494171336132383,1,0.420506401986177,0.630561163293843,0,"Q48","Ja."
"Q48_Keine.Angabe",0,0.0494171336132383,2017,"anti_elite_score",0.0494171336132383,1,0.420506401986177,0.630561163293843,0,"Q48","Keine.Angabe"
"Q48_Nein.",0,0.0494171336132383,2017,"anti_elite_score",0.0494171336132383,1,0.420506401986177,0.630561163293843,0,"Q48","Nein."
"Q48_Unentschieden",0,0.0494171336132383,2017,"anti_elite_score",0.0494171336132383,1,0.420506401986177,0.630561163293843,0,"Q48","Unentschieden"
"Q48_other",0,0.0494171336132383,2017,"anti_elite_score",0.0494171336132383,1,0.420506401986177,0.630561163293843,0,"Q48","other"
"Q49_Eher.ja",0,0.0494171336132383,2017,"anti_elite_score",0.0494171336132383,1,0.420506401986177,0.630561163293843,0,"Q49","Eher.ja"
"Q49_Eher.nicht",0,0.0494171336132383,2017,"anti_elite_score",0.0494171336132383,1,0.420506401986177,0.630561163293843,0,"Q49","Eher.nicht"
"Q49_Ja.",0,0.0494171336132383,2017,"anti_elite_score",0.0494171336132383,1,0.420506401986177,0.630561163293843,0,"Q49","Ja."
"Q49_Keine.Angabe",0,0.0494171336132383,2017,"anti_elite_score",0.0494171336132383,1,0.420506401986177,0.630561163293843,0,"Q49","Keine.Angabe"
"Q49_Nein.",0,0.0494171336132383,2017,"anti_elite_score",0.0494171336132383,1,0.420506401986177,0.630561163293843,0,"Q49","Nein."
"Q49_Unentschieden",0,0.0494171336132383,2017,"anti_elite_score",0.0494171336132383,1,0.420506401986177,0.630561163293843,0,"Q49","Unentschieden"
"Q49_other",0,0.0494171336132383,2017,"anti_elite_score",0.0494171336132383,1,0.420506401986177,0.630561163293843,0,"Q49","other"
"Q50_Eher.ja",0,0.0494171336132383,2017,"anti_elite_score",0.0494171336132383,1,0.420506401986177,0.630561163293843,0,"Q50","Eher.ja"
"Q50_Eher.nicht",0,0.0494171336132383,2017,"anti_elite_score",0.0494171336132383,1,0.420506401986177,0.630561163293843,0,"Q50","Eher.nicht"
"Q50_Keine.Angabe",0,0.0494171336132383,2017,"anti_elite_score",0.0494171336132383,1,0.420506401986177,0.630561163293843,0,"Q50","Keine.Angabe"
"Q50_Nein.",0,0.0494171336132383,2017,"anti_elite_score",0.0494171336132383,1,0.420506401986177,0.630561163293843,0,"Q50","Nein."
"Q50_Unentschieden",0,0.0494171336132383,2017,"anti_elite_score",0.0494171336132383,1,0.420506401986177,0.630561163293843,0,"Q50","Unentschieden"
"Q50_other",0,0.0494171336132383,2017,"anti_elite_score",0.0494171336132383,1,0.420506401986177,0.630561163293843,0,"Q50","other"
"Q51_Eher.ja",0,0.0494171336132383,2017,"anti_elite_score",0.0494171336132383,1,0.420506401986177,0.630561163293843,0,"Q51","Eher.ja"
"Q51_Eher.nicht",0,0.0494171336132383,2017,"anti_elite_score",0.0494171336132383,1,0.420506401986177,0.630561163293843,0,"Q51","Eher.nicht"
"Q51_Ja.",0,0.0494171336132383,2017,"anti_elite_score",0.0494171336132383,1,0.420506401986177,0.630561163293843,0,"Q51","Ja."
"Q51_Keine.Angabe",0,0.0494171336132383,2017,"anti_elite_score",0.0494171336132383,1,0.420506401986177,0.630561163293843,0,"Q51","Keine.Angabe"
"Q51_Nein.",0,0.0494171336132383,2017,"anti_elite_score",0.0494171336132383,1,0.420506401986177,0.630561163293843,0,"Q51","Nein."
"Q51_Unentschieden",0,0.0494171336132383,2017,"anti_elite_score",0.0494171336132383,1,0.420506401986177,0.630561163293843,0,"Q51","Unentschieden"
"Q51_other",0,0.0494171336132383,2017,"anti_elite_score",0.0494171336132383,1,0.420506401986177,0.630561163293843,0,"Q51","other"
"Q52_Eher.ja",0,0.0494171336132383,2017,"anti_elite_score",0.0494171336132383,1,0.420506401986177,0.630561163293843,0,"Q52","Eher.ja"
"Q52_Eher.nicht",0,0.0494171336132383,2017,"anti_elite_score",0.0494171336132383,1,0.420506401986177,0.630561163293843,0,"Q52","Eher.nicht"
"Q52_Keine.Angabe",0,0.0494171336132383,2017,"anti_elite_score",0.0494171336132383,1,0.420506401986177,0.630561163293843,0,"Q52","Keine.Angabe"
"Q52_Nein.",0,0.0494171336132383,2017,"anti_elite_score",0.0494171336132383,1,0.420506401986177,0.630561163293843,0,"Q52","Nein."
"Q52_Unentschieden",0,0.0494171336132383,2017,"anti_elite_score",0.0494171336132383,1,0.420506401986177,0.630561163293843,0,"Q52","Unentschieden"
"Q52_other",0,0.0494171336132383,2017,"anti_elite_score",0.0494171336132383,1,0.420506401986177,0.630561163293843,0,"Q52","other"
"Q53_Eher.ja",0,0.0494171336132383,2017,"anti_elite_score",0.0494171336132383,1,0.420506401986177,0.630561163293843,0,"Q53","Eher.ja"
"Q53_Eher.nicht",0,0.0494171336132383,2017,"anti_elite_score",0.0494171336132383,1,0.420506401986177,0.630561163293843,0,"Q53","Eher.nicht"
"Q53_Ja.",0,0.0494171336132383,2017,"anti_elite_score",0.0494171336132383,1,0.420506401986177,0.630561163293843,0,"Q53","Ja."
"Q53_Keine.Angabe",0,0.0494171336132383,2017,"anti_elite_score",0.0494171336132383,1,0.420506401986177,0.630561163293843,0,"Q53","Keine.Angabe"
"Q53_Nein.",0,0.0494171336132383,2017,"anti_elite_score",0.0494171336132383,1,0.420506401986177,0.630561163293843,0,"Q53","Nein."
"Q53_Unentschieden",0,0.0494171336132383,2017,"anti_elite_score",0.0494171336132383,1,0.420506401986177,0.630561163293843,0,"Q53","Unentschieden"
"Q53_other",0,0.0494171336132383,2017,"anti_elite_score",0.0494171336132383,1,0.420506401986177,0.630561163293843,0,"Q53","other"
"Q54_Eher.ja",0,0.0494171336132383,2017,"anti_elite_score",0.0494171336132383,1,0.420506401986177,0.630561163293843,0,"Q54","Eher.ja"
"Q54_Ja.",0,0.0494171336132383,2017,"anti_elite_score",0.0494171336132383,1,0.420506401986177,0.630561163293843,0,"Q54","Ja."
"Q54_Keine.Angabe",0,0.0494171336132383,2017,"anti_elite_score",0.0494171336132383,1,0.420506401986177,0.630561163293843,0,"Q54","Keine.Angabe"
"Q54_Unentschieden",0,0.0494171336132383,2017,"anti_elite_score",0.0494171336132383,1,0.420506401986177,0.630561163293843,0,"Q54","Unentschieden"
"Q54_other",0,0.0494171336132383,2017,"anti_elite_score",0.0494171336132383,1,0.420506401986177,0.630561163293843,0,"Q54","other"
"Q55_Eher.ja",0,0.0494171336132383,2017,"anti_elite_score",0.0494171336132383,1,0.420506401986177,0.630561163293843,0,"Q55","Eher.ja"
"Q55_Eher.nicht",0,0.0494171336132383,2017,"anti_elite_score",0.0494171336132383,1,0.420506401986177,0.630561163293843,0,"Q55","Eher.nicht"
"Q55_Ja.",0,0.0494171336132383,2017,"anti_elite_score",0.0494171336132383,1,0.420506401986177,0.630561163293843,0,"Q55","Ja."
"Q55_Keine.Angabe",0,0.0494171336132383,2017,"anti_elite_score",0.0494171336132383,1,0.420506401986177,0.630561163293843,0,"Q55","Keine.Angabe"
"Q55_Nein.",0,0.0494171336132383,2017,"anti_elite_score",0.0494171336132383,1,0.420506401986177,0.630561163293843,0,"Q55","Nein."
"Q55_Unentschieden",0,0.0494171336132383,2017,"anti_elite_score",0.0494171336132383,1,0.420506401986177,0.630561163293843,0,"Q55","Unentschieden"
"Q55_other",0,0.0494171336132383,2017,"anti_elite_score",0.0494171336132383,1,0.420506401986177,0.630561163293843,0,"Q55","other"
"Q56_Eher.ja",0,0.0494171336132383,2017,"anti_elite_score",0.0494171336132383,1,0.420506401986177,0.630561163293843,0,"Q56","Eher.ja"
"Q56_Eher.nicht",0,0.0494171336132383,2017,"anti_elite_score",0.0494171336132383,1,0.420506401986177,0.630561163293843,0,"Q56","Eher.nicht"
"Q56_Ja.",0,0.0494171336132383,2017,"anti_elite_score",0.0494171336132383,1,0.420506401986177,0.630561163293843,0,"Q56","Ja."
"Q56_Keine.Angabe",0,0.0494171336132383,2017,"anti_elite_score",0.0494171336132383,1,0.420506401986177,0.630561163293843,0,"Q56","Keine.Angabe"
"Q56_Nein.",0,0.0494171336132383,2017,"anti_elite_score",0.0494171336132383,1,0.420506401986177,0.630561163293843,0,"Q56","Nein."
"Q56_Unentschieden",0,0.0494171336132383,2017,"anti_elite_score",0.0494171336132383,1,0.420506401986177,0.630561163293843,0,"Q56","Unentschieden"
"Q56_other",0,0.0494171336132383,2017,"anti_elite_score",0.0494171336132383,1,0.420506401986177,0.630561163293843,0,"Q56","other"
"Q57_Eher.ja",0,0.0494171336132383,2017,"anti_elite_score",0.0494171336132383,1,0.420506401986177,0.630561163293843,0,"Q57","Eher.ja"
"Q57_Ja.",0,0.0494171336132383,2017,"anti_elite_score",0.0494171336132383,1,0.420506401986177,0.630561163293843,0,"Q57","Ja."
"Q57_Keine.Angabe",0,0.0494171336132383,2017,"anti_elite_score",0.0494171336132383,1,0.420506401986177,0.630561163293843,0,"Q57","Keine.Angabe"
"Q57_Unentschieden",0,0.0494171336132383,2017,"anti_elite_score",0.0494171336132383,1,0.420506401986177,0.630561163293843,0,"Q57","Unentschieden"
"Q57_other",0,0.0494171336132383,2017,"anti_elite_score",0.0494171336132383,1,0.420506401986177,0.630561163293843,0,"Q57","other"
"Q58_Eher.ja",0,0.0494171336132383,2017,"anti_elite_score",0.0494171336132383,1,0.420506401986177,0.630561163293843,0,"Q58","Eher.ja"
"Q58_Eher.nicht",0,0.0494171336132383,2017,"anti_elite_score",0.0494171336132383,1,0.420506401986177,0.630561163293843,0,"Q58","Eher.nicht"
"Q58_Ja.",0,0.0494171336132383,2017,"anti_elite_score",0.0494171336132383,1,0.420506401986177,0.630561163293843,0,"Q58","Ja."
"Q58_Keine.Angabe",0,0.0494171336132383,2017,"anti_elite_score",0.0494171336132383,1,0.420506401986177,0.630561163293843,0,"Q58","Keine.Angabe"
"Q58_Nein.",0,0.0494171336132383,2017,"anti_elite_score",0.0494171336132383,1,0.420506401986177,0.630561163293843,0,"Q58","Nein."
"Q58_Unentschieden",0,0.0494171336132383,2017,"anti_elite_score",0.0494171336132383,1,0.420506401986177,0.630561163293843,0,"Q58","Unentschieden"
"Q58_other",0,0.0494171336132383,2017,"anti_elite_score",0.0494171336132383,1,0.420506401986177,0.630561163293843,0,"Q58","other"
"Q59_Eher.ja",0,0.0494171336132383,2017,"anti_elite_score",0.0494171336132383,1,0.420506401986177,0.630561163293843,0,"Q59","Eher.ja"
"Q59_Ja.",0,0.0494171336132383,2017,"anti_elite_score",0.0494171336132383,1,0.420506401986177,0.630561163293843,0,"Q59","Ja."
"Q59_Keine.Angabe",0,0.0494171336132383,2017,"anti_elite_score",0.0494171336132383,1,0.420506401986177,0.630561163293843,0,"Q59","Keine.Angabe"
"Q59_Nein.",0,0.0494171336132383,2017,"anti_elite_score",0.0494171336132383,1,0.420506401986177,0.630561163293843,0,"Q59","Nein."
"Q59_Unentschieden",0,0.0494171336132383,2017,"anti_elite_score",0.0494171336132383,1,0.420506401986177,0.630561163293843,0,"Q59","Unentschieden"
"Q59_other",0,0.0494171336132383,2017,"anti_elite_score",0.0494171336132383,1,0.420506401986177,0.630561163293843,0,"Q59","other"
"Q60_Eher.ja",0,0.0494171336132383,2017,"anti_elite_score",0.0494171336132383,1,0.420506401986177,0.630561163293843,0,"Q60","Eher.ja"
"Q60_Eher.nicht",0,0.0494171336132383,2017,"anti_elite_score",0.0494171336132383,1,0.420506401986177,0.630561163293843,0,"Q60","Eher.nicht"
"Q60_Ja.",0,0.0494171336132383,2017,"anti_elite_score",0.0494171336132383,1,0.420506401986177,0.630561163293843,0,"Q60","Ja."
"Q60_Keine.Angabe",0,0.0494171336132383,2017,"anti_elite_score",0.0494171336132383,1,0.420506401986177,0.630561163293843,0,"Q60","Keine.Angabe"
"Q60_Nein.",0,0.0494171336132383,2017,"anti_elite_score",0.0494171336132383,1,0.420506401986177,0.630561163293843,0,"Q60","Nein."
"Q60_Unentschieden",0,0.0494171336132383,2017,"anti_elite_score",0.0494171336132383,1,0.420506401986177,0.630561163293843,0,"Q60","Unentschieden"
"Q60_other",0,0.0494171336132383,2017,"anti_elite_score",0.0494171336132383,1,0.420506401986177,0.630561163293843,0,"Q60","other"
"Q61_Eher.nicht",0,0.0494171336132383,2017,"anti_elite_score",0.0494171336132383,1,0.420506401986177,0.630561163293843,0,"Q61","Eher.nicht"
"Q61_Ja.",0,0.0494171336132383,2017,"anti_elite_score",0.0494171336132383,1,0.420506401986177,0.630561163293843,0,"Q61","Ja."
"Q61_Keine.Angabe",0,0.0494171336132383,2017,"anti_elite_score",0.0494171336132383,1,0.420506401986177,0.630561163293843,0,"Q61","Keine.Angabe"
"Q61_Nein.",0,0.0494171336132383,2017,"anti_elite_score",0.0494171336132383,1,0.420506401986177,0.630561163293843,0,"Q61","Nein."
"Q61_other",0,0.0494171336132383,2017,"anti_elite_score",0.0494171336132383,1,0.420506401986177,0.630561163293843,0,"Q61","other"
"Q62_Eher.ja",0,0.0494171336132383,2017,"anti_elite_score",0.0494171336132383,1,0.420506401986177,0.630561163293843,0,"Q62","Eher.ja"
"Q62_Eher.nicht",0,0.0494171336132383,2017,"anti_elite_score",0.0494171336132383,1,0.420506401986177,0.630561163293843,0,"Q62","Eher.nicht"
"Q62_Keine.Angabe",0,0.0494171336132383,2017,"anti_elite_score",0.0494171336132383,1,0.420506401986177,0.630561163293843,0,"Q62","Keine.Angabe"
"Q62_Nein.",0,0.0494171336132383,2017,"anti_elite_score",0.0494171336132383,1,0.420506401986177,0.630561163293843,0,"Q62","Nein."
"Q62_Unentschieden",0,0.0494171336132383,2017,"anti_elite_score",0.0494171336132383,1,0.420506401986177,0.630561163293843,0,"Q62","Unentschieden"
"Q62_other",0,0.0494171336132383,2017,"anti_elite_score",0.0494171336132383,1,0.420506401986177,0.630561163293843,0,"Q62","other"
"Q63_Eher.ja",0,0.0494171336132383,2017,"anti_elite_score",0.0494171336132383,1,0.420506401986177,0.630561163293843,0,"Q63","Eher.ja"
"Q63_Eher.nicht",0,0.0494171336132383,2017,"anti_elite_score",0.0494171336132383,1,0.420506401986177,0.630561163293843,0,"Q63","Eher.nicht"
"Q63_Ja.",0,0.0494171336132383,2017,"anti_elite_score",0.0494171336132383,1,0.420506401986177,0.630561163293843,0,"Q63","Ja."
"Q63_Keine.Angabe",0,0.0494171336132383,2017,"anti_elite_score",0.0494171336132383,1,0.420506401986177,0.630561163293843,0,"Q63","Keine.Angabe"
"Q63_Unentschieden",0,0.0494171336132383,2017,"anti_elite_score",0.0494171336132383,1,0.420506401986177,0.630561163293843,0,"Q63","Unentschieden"
"Q63_other",0,0.0494171336132383,2017,"anti_elite_score",0.0494171336132383,1,0.420506401986177,0.630561163293843,0,"Q63","other"
"Q64_Eher.ja",0,0.0494171336132383,2017,"anti_elite_score",0.0494171336132383,1,0.420506401986177,0.630561163293843,0,"Q64","Eher.ja"
"Q64_Eher.nicht",0,0.0494171336132383,2017,"anti_elite_score",0.0494171336132383,1,0.420506401986177,0.630561163293843,0,"Q64","Eher.nicht"
"Q64_Ja.",0,0.0494171336132383,2017,"anti_elite_score",0.0494171336132383,1,0.420506401986177,0.630561163293843,0,"Q64","Ja."
"Q64_Keine.Angabe",0,0.0494171336132383,2017,"anti_elite_score",0.0494171336132383,1,0.420506401986177,0.630561163293843,0,"Q64","Keine.Angabe"
"Q64_Nein.",0,0.0494171336132383,2017,"anti_elite_score",0.0494171336132383,1,0.420506401986177,0.630561163293843,0,"Q64","Nein."
"Q64_Unentschieden",0,0.0494171336132383,2017,"anti_elite_score",0.0494171336132383,1,0.420506401986177,0.630561163293843,0,"Q64","Unentschieden"
"Q64_other",0,0.0494171336132383,2017,"anti_elite_score",0.0494171336132383,1,0.420506401986177,0.630561163293843,0,"Q64","other"
"Q65_Eher.ja",0,0.0494171336132383,2017,"anti_elite_score",0.0494171336132383,1,0.420506401986177,0.630561163293843,0,"Q65","Eher.ja"
"Q65_Eher.nicht",0,0.0494171336132383,2017,"anti_elite_score",0.0494171336132383,1,0.420506401986177,0.630561163293843,0,"Q65","Eher.nicht"
"Q65_Ja.",0,0.0494171336132383,2017,"anti_elite_score",0.0494171336132383,1,0.420506401986177,0.630561163293843,0,"Q65","Ja."
"Q65_Keine.Angabe",0,0.0494171336132383,2017,"anti_elite_score",0.0494171336132383,1,0.420506401986177,0.630561163293843,0,"Q65","Keine.Angabe"
"Q65_Nein.",0,0.0494171336132383,2017,"anti_elite_score",0.0494171336132383,1,0.420506401986177,0.630561163293843,0,"Q65","Nein."
"Q65_Unentschieden",0,0.0494171336132383,2017,"anti_elite_score",0.0494171336132383,1,0.420506401986177,0.630561163293843,0,"Q65","Unentschieden"
"Q65_other",0,0.0494171336132383,2017,"anti_elite_score",0.0494171336132383,1,0.420506401986177,0.630561163293843,0,"Q65","other"
"Q66_Eher.ja",0,0.0494171336132383,2017,"anti_elite_score",0.0494171336132383,1,0.420506401986177,0.630561163293843,0,"Q66","Eher.ja"
"Q66_Eher.nicht",0,0.0494171336132383,2017,"anti_elite_score",0.0494171336132383,1,0.420506401986177,0.630561163293843,0,"Q66","Eher.nicht"
"Q66_Keine.Angabe",0,0.0494171336132383,2017,"anti_elite_score",0.0494171336132383,1,0.420506401986177,0.630561163293843,0,"Q66","Keine.Angabe"
"Q66_Nein.",0,0.0494171336132383,2017,"anti_elite_score",0.0494171336132383,1,0.420506401986177,0.630561163293843,0,"Q66","Nein."
"Q66_Unentschieden",0,0.0494171336132383,2017,"anti_elite_score",0.0494171336132383,1,0.420506401986177,0.630561163293843,0,"Q66","Unentschieden"
"Q66_other",0,0.0494171336132383,2017,"anti_elite_score",0.0494171336132383,1,0.420506401986177,0.630561163293843,0,"Q66","other"
"Q67_Eher.ja",0,0.0494171336132383,2017,"anti_elite_score",0.0494171336132383,1,0.420506401986177,0.630561163293843,0,"Q67","Eher.ja"
"Q67_Eher.nicht",0,0.0494171336132383,2017,"anti_elite_score",0.0494171336132383,1,0.420506401986177,0.630561163293843,0,"Q67","Eher.nicht"
"Q67_Ja.",0,0.0494171336132383,2017,"anti_elite_score",0.0494171336132383,1,0.420506401986177,0.630561163293843,0,"Q67","Ja."
"Q67_Keine.Angabe",0,0.0494171336132383,2017,"anti_elite_score",0.0494171336132383,1,0.420506401986177,0.630561163293843,0,"Q67","Keine.Angabe"
"Q67_Nein.",0,0.0494171336132383,2017,"anti_elite_score",0.0494171336132383,1,0.420506401986177,0.630561163293843,0,"Q67","Nein."
"Q67_Unentschieden",0,0.0494171336132383,2017,"anti_elite_score",0.0494171336132383,1,0.420506401986177,0.630561163293843,0,"Q67","Unentschieden"
"Q67_other",0,0.0494171336132383,2017,"anti_elite_score",0.0494171336132383,1,0.420506401986177,0.630561163293843,0,"Q67","other"
"Q68_Eher.ja",0,0.0494171336132383,2017,"anti_elite_score",0.0494171336132383,1,0.420506401986177,0.630561163293843,0,"Q68","Eher.ja"
"Q68_Eher.nicht",0,0.0494171336132383,2017,"anti_elite_score",0.0494171336132383,1,0.420506401986177,0.630561163293843,0,"Q68","Eher.nicht"
"Q68_Ja.",0,0.0494171336132383,2017,"anti_elite_score",0.0494171336132383,1,0.420506401986177,0.630561163293843,0,"Q68","Ja."
"Q68_Keine.Angabe",0,0.0494171336132383,2017,"anti_elite_score",0.0494171336132383,1,0.420506401986177,0.630561163293843,0,"Q68","Keine.Angabe"
"Q68_Nein.",0,0.0494171336132383,2017,"anti_elite_score",0.0494171336132383,1,0.420506401986177,0.630561163293843,0,"Q68","Nein."
"Q68_Unentschieden",0,0.0494171336132383,2017,"anti_elite_score",0.0494171336132383,1,0.420506401986177,0.630561163293843,0,"Q68","Unentschieden"
"Q68_other",0,0.0494171336132383,2017,"anti_elite_score",0.0494171336132383,1,0.420506401986177,0.630561163293843,0,"Q68","other"
"Q69_Eher.ja",0,0.0494171336132383,2017,"anti_elite_score",0.0494171336132383,1,0.420506401986177,0.630561163293843,0,"Q69","Eher.ja"
"Q69_Eher.nicht",0,0.0494171336132383,2017,"anti_elite_score",0.0494171336132383,1,0.420506401986177,0.630561163293843,0,"Q69","Eher.nicht"
"Q69_Ja.",0,0.0494171336132383,2017,"anti_elite_score",0.0494171336132383,1,0.420506401986177,0.630561163293843,0,"Q69","Ja."
"Q69_Keine.Angabe",0,0.0494171336132383,2017,"anti_elite_score",0.0494171336132383,1,0.420506401986177,0.630561163293843,0,"Q69","Keine.Angabe"
"Q69_Nein.",0,0.0494171336132383,2017,"anti_elite_score",0.0494171336132383,1,0.420506401986177,0.630561163293843,0,"Q69","Nein."
"Q69_Unentschieden",0,0.0494171336132383,2017,"anti_elite_score",0.0494171336132383,1,0.420506401986177,0.630561163293843,0,"Q69","Unentschieden"
"Q69_other",0,0.0494171336132383,2017,"anti_elite_score",0.0494171336132383,1,0.420506401986177,0.630561163293843,0,"Q69","other"
"Q70_Eher.ja",0,0.0494171336132383,2017,"anti_elite_score",0.0494171336132383,1,0.420506401986177,0.630561163293843,0,"Q70","Eher.ja"
"Q70_Eher.nicht",0,0.0494171336132383,2017,"anti_elite_score",0.0494171336132383,1,0.420506401986177,0.630561163293843,0,"Q70","Eher.nicht"
"Q70_Ja.",0,0.0494171336132383,2017,"anti_elite_score",0.0494171336132383,1,0.420506401986177,0.630561163293843,0,"Q70","Ja."
"Q70_Keine.Angabe",0,0.0494171336132383,2017,"anti_elite_score",0.0494171336132383,1,0.420506401986177,0.630561163293843,0,"Q70","Keine.Angabe"
"Q70_Unentschieden",0,0.0494171336132383,2017,"anti_elite_score",0.0494171336132383,1,0.420506401986177,0.630561163293843,0,"Q70","Unentschieden"
"Q70_other",0,0.0494171336132383,2017,"anti_elite_score",0.0494171336132383,1,0.420506401986177,0.630561163293843,0,"Q70","other"
"Q71_Eher.ja",0,0.0494171336132383,2017,"anti_elite_score",0.0494171336132383,1,0.420506401986177,0.630561163293843,0,"Q71","Eher.ja"
"Q71_Eher.nicht",0,0.0494171336132383,2017,"anti_elite_score",0.0494171336132383,1,0.420506401986177,0.630561163293843,0,"Q71","Eher.nicht"
"Q71_Ja.",0,0.0494171336132383,2017,"anti_elite_score",0.0494171336132383,1,0.420506401986177,0.630561163293843,0,"Q71","Ja."
"Q71_Keine.Angabe",0,0.0494171336132383,2017,"anti_elite_score",0.0494171336132383,1,0.420506401986177,0.630561163293843,0,"Q71","Keine.Angabe"
"Q71_Nein.",0,0.0494171336132383,2017,"anti_elite_score",0.0494171336132383,1,0.420506401986177,0.630561163293843,0,"Q71","Nein."
"Q71_Unentschieden",0,0.0494171336132383,2017,"anti_elite_score",0.0494171336132383,1,0.420506401986177,0.630561163293843,0,"Q71","Unentschieden"
"Q71_other",0,0.0494171336132383,2017,"anti_elite_score",0.0494171336132383,1,0.420506401986177,0.630561163293843,0,"Q71","other"
"Q72_Eher.ja",0,0.0494171336132383,2017,"anti_elite_score",0.0494171336132383,1,0.420506401986177,0.630561163293843,0,"Q72","Eher.ja"
"Q72_Eher.nicht",0,0.0494171336132383,2017,"anti_elite_score",0.0494171336132383,1,0.420506401986177,0.630561163293843,0,"Q72","Eher.nicht"
"Q72_Ja.",0,0.0494171336132383,2017,"anti_elite_score",0.0494171336132383,1,0.420506401986177,0.630561163293843,0,"Q72","Ja."
"Q72_Keine.Angabe",0,0.0494171336132383,2017,"anti_elite_score",0.0494171336132383,1,0.420506401986177,0.630561163293843,0,"Q72","Keine.Angabe"
"Q72_Nein.",0,0.0494171336132383,2017,"anti_elite_score",0.0494171336132383,1,0.420506401986177,0.630561163293843,0,"Q72","Nein."
"Q72_Unentschieden",0,0.0494171336132383,2017,"anti_elite_score",0.0494171336132383,1,0.420506401986177,0.630561163293843,0,"Q72","Unentschieden"
"Q72_other",0,0.0494171336132383,2017,"anti_elite_score",0.0494171336132383,1,0.420506401986177,0.630561163293843,0,"Q72","other"
"Q73_Eher.ja",0,0.0494171336132383,2017,"anti_elite_score",0.0494171336132383,1,0.420506401986177,0.630561163293843,0,"Q73","Eher.ja"
"Q73_Eher.nicht",0,0.0494171336132383,2017,"anti_elite_score",0.0494171336132383,1,0.420506401986177,0.630561163293843,0,"Q73","Eher.nicht"
"Q73_Ja.",0,0.0494171336132383,2017,"anti_elite_score",0.0494171336132383,1,0.420506401986177,0.630561163293843,0,"Q73","Ja."
"Q73_Keine.Angabe",0,0.0494171336132383,2017,"anti_elite_score",0.0494171336132383,1,0.420506401986177,0.630561163293843,0,"Q73","Keine.Angabe"
"Q73_Nein.",0,0.0494171336132383,2017,"anti_elite_score",0.0494171336132383,1,0.420506401986177,0.630561163293843,0,"Q73","Nein."
"Q73_Unentschieden",0,0.0494171336132383,2017,"anti_elite_score",0.0494171336132383,1,0.420506401986177,0.630561163293843,0,"Q73","Unentschieden"
"Q73_other",0,0.0494171336132383,2017,"anti_elite_score",0.0494171336132383,1,0.420506401986177,0.630561163293843,0,"Q73","other"
"Q74_Eher.ja",0,0.0494171336132383,2017,"anti_elite_score",0.0494171336132383,1,0.420506401986177,0.630561163293843,0,"Q74","Eher.ja"
"Q74_Eher.nicht",0,0.0494171336132383,2017,"anti_elite_score",0.0494171336132383,1,0.420506401986177,0.630561163293843,0,"Q74","Eher.nicht"
"Q74_Ja.",0,0.0494171336132383,2017,"anti_elite_score",0.0494171336132383,1,0.420506401986177,0.630561163293843,0,"Q74","Ja."
"Q74_Keine.Angabe",0,0.0494171336132383,2017,"anti_elite_score",0.0494171336132383,1,0.420506401986177,0.630561163293843,0,"Q74","Keine.Angabe"
"Q74_Unentschieden",0,0.0494171336132383,2017,"anti_elite_score",0.0494171336132383,1,0.420506401986177,0.630561163293843,0,"Q74","Unentschieden"
"Q74_other",0,0.0494171336132383,2017,"anti_elite_score",0.0494171336132383,1,0.420506401986177,0.630561163293843,0,"Q74","other"
"Q75_Eher.ja",0,0.0494171336132383,2017,"anti_elite_score",0.0494171336132383,1,0.420506401986177,0.630561163293843,0,"Q75","Eher.ja"
"Q75_Eher.nicht",0,0.0494171336132383,2017,"anti_elite_score",0.0494171336132383,1,0.420506401986177,0.630561163293843,0,"Q75","Eher.nicht"
"Q75_Ja.",0,0.0494171336132383,2017,"anti_elite_score",0.0494171336132383,1,0.420506401986177,0.630561163293843,0,"Q75","Ja."
"Q75_Keine.Angabe",0,0.0494171336132383,2017,"anti_elite_score",0.0494171336132383,1,0.420506401986177,0.630561163293843,0,"Q75","Keine.Angabe"
"Q75_Nein.",0,0.0494171336132383,2017,"anti_elite_score",0.0494171336132383,1,0.420506401986177,0.630561163293843,0,"Q75","Nein."
"Q75_Unentschieden",0,0.0494171336132383,2017,"anti_elite_score",0.0494171336132383,1,0.420506401986177,0.630561163293843,0,"Q75","Unentschieden"
"Q75_other",0,0.0494171336132383,2017,"anti_elite_score",0.0494171336132383,1,0.420506401986177,0.630561163293843,0,"Q75","other"
"Q76_Eher.ja",0,0.0494171336132383,2017,"anti_elite_score",0.0494171336132383,1,0.420506401986177,0.630561163293843,0,"Q76","Eher.ja"
"Q76_Ja.",0,0.0494171336132383,2017,"anti_elite_score",0.0494171336132383,1,0.420506401986177,0.630561163293843,0,"Q76","Ja."
"Q76_Keine.Angabe",0,0.0494171336132383,2017,"anti_elite_score",0.0494171336132383,1,0.420506401986177,0.630561163293843,0,"Q76","Keine.Angabe"
"Q76_Unentschieden",0,0.0494171336132383,2017,"anti_elite_score",0.0494171336132383,1,0.420506401986177,0.630561163293843,0,"Q76","Unentschieden"
"Q76_other",0,0.0494171336132383,2017,"anti_elite_score",0.0494171336132383,1,0.420506401986177,0.630561163293843,0,"Q76","other"
